SYS,CLU$
SYS,ICOL$
SYS,IND$
SYS,COL$
SYS,TAB$
SYS,LOB$
SYS,COLTYPE$
SYS,SUBCOLTYPE$
SYS,NTAB$
SYS,REFCON$
SYS,OPQTYPE$
SYS,ICOLDEP$
SYS,VIEWTRCOL$
SYS,LIBRARY$
SYS,ASSEMBLY$
SYS,ATTRCOL$
SYS,TYPE_MISC$
SYS,TS$
SYS,FET$
SYS,SEG$
SYS,UET$
SYS,USER$
SYS,TSQ$
SYS,UNDO$
SYS,FILE$
SYS,OBJ$
SYS,PROXY_DATA$
SYS,PROXY_ROLE_DATA$
SYS,CON$
SYS,CCOL$
SYS,CDEF$
SYS,BOOTSTRAP$
SYS,OBJERROR$
SYS,OBJAUTH$
SYS,HISTGRM$
SYS,HIST_HEAD$
SYS,FIXED_OBJ$
SYS,TAB_STATS$
SYS,IND_STATS$
SYS,OBJECT_USAGE
SYS,PARTOBJ$
SYS,DEFERRED_STG$
SYS,DEPENDENCY$
SYS,ACCESS$
SYS,USERAUTH$
SYS,UGROUP$
SYS,SYN$
SYS,VIEW$
SYS,TYPED_VIEW$
SYS,SUPEROBJ$
SYS,SEQ$
SYS,IDNSEQ$
SYS,PROPS$
SYS,EDITION$
SYS,MIGRATE$
SYS,VIEWCON$
SYS,DUAL
SYS,SYSAUTH$
SYS,OBJPRIV$
SYS,DEFROLE$
SYS,CDB_LOCAL_ADMINAUTH$
SYS,ECOL$
SYS,EV$
SYS,EVCOL$
SYS,SQLERROR$
SYS,CONTAINER$
SYS,CDB_FILE$
SYS,PDB_HISTORY$
SYS,CONDATA$
SYS,ADMINAUTH$
SYS,PDB_ALERT$
SYS,PDB_INV_TYPE$
SYS,PDB_SPFILE$
SYS,PDBSTATE$
SYS,CDBVW_STATS$
SYS,UNDOHIST$
SYS,PDB_SYNC$
SYS,PDB_SYNC_STMT$
SYS,LOCKDOWN_PROF$
SYS,VIEW_PDB$
SYS,PROXY_REMOTE$
SYS,CDB_TS$
SYS,PDB_STAT$
SYS,PDB_SVC_STATE$
SYS,CDB_PROPS$
SYS,IMSVC$
SYS,IMSVCTS$
SYS,IMORDERBY$
SYS,PDB_CREATE$
SYS,FED$APPS
SYS,FED$PATCHES
SYS,FED$VERSIONS
SYS,FED$STATEMENT$ERRORS
SYS,FED$APP$STATUS
SYS,FED$BINDS
SYS,FED$EDITIONS
SYS,FED$DEPENDENCY
SYS,SENSITIVE_FIXED$
SYS,PDB_SNAPSHOT$
SYS,CONNECTION_TESTS$
SYS,PDB_SNAPSHOTFILE$
SYS,SESS_CNT_HISTORY$
SYS,LINK$
SYS,TRUSTED_LIST$
SYS,COM$
SYS,DUC$
SYS,RECYCLEBIN$
SYS,IND_ONLINE$
SYS,CONTEXT$
SYS,SQL_VERSION$
SYS,JIJOIN$
SYS,JIREFRESHSQL$
SYS,TRIGGER$
SYS,TRIGGERCOL$
SYS,TRIGGERJAVAF$
SYS,TRIGGERJAVAS$
SYS,TRIGGERJAVAC$
SYS,TRIGGERJAVAM$
SYS,TRIGGERDEP$
SYS,INDREBUILD$
SYS,TRANSIENT_IOT$
SYS,SQLTXL$
SYS,SQLTXL_SQL$
SYS,SQLTXL_ERR$
SYS,CLST$
SYS,CLSTKEY$
SYS,CLSTDIMENSION$
SYS,CLSTJOIN$
SYS,INDEX_ORPHANED_ENTRY$
SYS,ONLINE_HIDDEN_FRAGS$
SYS,COMPRESSION$
SYS,SMB$CONFIG
SYS,SQL$
SYS,SQL$TEXT
SYS,SQLOBJ$PLAN
SYS,SQLOBJ$AUXDATA
SYS,PROCEDURE$
SYS,PROCEDUREINFO$
SYS,ARGUMENT$
SYS,SOURCE$
SYS,IDL_UB1$
SYS,IDL_CHAR$
SYS,IDL_UB2$
SYS,IDL_SB4$
SYS,ERROR$
SYS,SETTINGS$
SYS,NCOMP_DLL$
SYS,PROCEDUREJAVA$
SYS,PROCEDUREC$
SYS,PROCEDUREPLSQL$
SYS,WARNING_SETTINGS$
SYS,DIANA_VERSION$
SYS,PLSCOPE_IDENTIFIER$
SYS,PLSCOPE_ACTION$
SYS,PLSCOPE_SQL$
SYS,PLSCOPE_STATEMENT$
SYS,PENDING_TRANS$
SYS,PENDING_SESSIONS$
SYS,PENDING_SUB_SESSIONS$
SYS,SMON_SCN_TIME
SYS,MAP_FILE$
SYS,MAP_FILE_EXTENT$
SYS,MAP_SUBELEMENT$
SYS,MAP_ELEMENT$
SYS,MAP_EXTELEMENT$
SYS,MAP_COMPLIST$
SYS,PROFILE$
SYS,PROFNAME$
SYS,RESOURCE_COST$
SYS,JOB$
SYS,RESOURCE_MAP
SYS,USER_ASTATUS_MAP
SYS,RESOURCE_PLAN$
SYS,RESOURCE_CONSUMER_GROUP$
SYS,RESOURCE_CATEGORY$
SYS,RESOURCE_PLAN_DIRECTIVE$
SYS,RESOURCE_GROUP_MAPPING$
SYS,RESOURCE_MAPPING_PRIORITY$
SYS,RESOURCE_STORAGE_POOL_MAPPING$
SYS,RESOURCE_CAPABILITY$
SYS,RESOURCE_INSTANCE_CAPABILITY$
SYS,RESOURCE_IO_CALIBRATE$
SYS,CDB_RESOURCE_PLAN$
SYS,CDB_RESOURCE_PLAN_DIRECTIVE$
SYS,TSM_SRC$
SYS,TSM_DST$
SYS,SERVICE$
SYS,EXP_SERVICE$
SYS,CDB_SERVICE$
SYS,DIR$MIGRATE_OPERATIONS
SYS,DIR$SERVICE_OPERATIONS
SYS,DIR$ESCALATE_OPERATIONS
SYS,DIR$QUIESCE_OPERATIONS
SYS,DIR$INSTANCE_ACTIONS
SYS,DIR$RESONATE_OPERATIONS
SYS,DIR$ALERT_HISTORY
SYS,DIR$REASON_STRINGS
SYS,DIR$DATABASE_ATTRIBUTES
SYS,DIR$VICTIM_POLICY
SYS,DIR$NODE_ATTRIBUTES
SYS,DIR$SERVICE_ATTRIBUTES
SYS,SVCOBJ_ACCESS_ATTR$
SYS,CODEAUTH$
SYS,_default_auditing_options_
SYS,AUDIT$
SYS,AUD_POLICY$
SYS,AUD_OBJECT_OPT$
SYS,AUDIT_NG$
SYS,AUD_CONTEXT$
SYS,SYSTEM_PRIVILEGE_MAP
SYS,TABLE_PRIVILEGE_MAP
SYS,USER_PRIVILEGE_MAP
SYS,STMT_AUDIT_OPTION_MAP
SYS,USER_HISTORY$
SYS,RLS$
SYS,RLS_SC$
SYS,RLS_GRP$
SYS,RLS_CTX$
SYS,RLS_CSA$
SYS,RADM$
SYS,RADM_MC$
SYS,RADM_PE$
SYS,RADM_FPTM$
SYS,RADM_FPTM_LOB$
SYS,RADM_TD$
SYS,RADM_CD$
SYS,AUD$
SYS,FGA$
SYS,FGACOL$
SYS,FGA_LOG$
SYS,APPROLE$
SYS,ENC$
SYS,PROXY_INFO$
SYS,PROXY_ROLE_INFO$
SYS,XS$VERIFIERS
SYS,XS$PARAMETERS
SYS,XSDB$SCHEMA_ACL
SYS,ACLMV$
SYS,ACLMVSUBTBL$
SYS,ACLMVREFSTAT$
SYS,ACLMV$_REFLOG
SYS,DEFAULT_PWD$
SYS,DAM_PARAM_TAB$
SYS,DAM_CONFIG_PARAM$
SYS,DAM_LAST_ARCH_TS$
SYS,DAM_CLEANUP_JOBS$
SYS,DAM_CLEANUP_EVENTS$
SYS,TSDP_SENSITIVE_DATA$
SYS,AUX_STATS$
SYS,CACHE_STATS_1$
SYS,CACHE_STATS_0$
SYS,ASSOCIATION$
SYS,USTATS$
SYS,STATS_TARGET$
SYS,COL_USAGE$
SYS,COL_GROUP_USAGE$
SYS,MON_MODS$
SYS,MON_MODS_ALL$
SYS,WRI$_OPTSTAT_TAB_HISTORY
SYS,WRI$_OPTSTAT_IND_HISTORY
SYS,WRI$_OPTSTAT_AUX_HISTORY
SYS,WRI$_OPTSTAT_OPR
SYS,WRI$_OPTSTAT_OPR_TASKS
SYS,OPTSTAT_HIST_CONTROL$
SYS,OPTSTAT_USER_PREFS$
SYS,OPT_FINDING$
SYS,OPT_FINDING_OBJ$
SYS,OPT_DIRECTIVE_OWN$
SYS,OPT_DIRECTIVE$
SYS,OPT_CALIBRATION_STATS$
SYS,OPTSTAT_SNAPSHOT$
SYS,EXP_HEAD$
SYS,EXP_OBJ$
SYS,EXP_STAT$
SYS,DIR$
SYS,ID_GENS$
SYS,OID$
SYS,TYPE$
SYS,COLLECTION$
SYS,ATTRIBUTE$
SYS,METHOD$
SYS,PARAMETER$
SYS,RESULT$
SYS,TYPEHIERARCHY$
SYS,KOPM$
SYS,VTABLE$
SYS,OPBINDING$
SYS,OPANCILLARY$
SYS,OPARG$
SYS,OPERATOR$
SYS,INDTYPES$
SYS,INDOP$
SYS,INDARRAYTYPE$
SYS,SECOBJ$
SYS,JAVAOBJ$
SYS,JAVASNM$
SYS,PARTCOL$
SYS,TABPART$
SYS,INDPART$
SYS,SUBPARTCOL$
SYS,TABSUBPART$
SYS,INDSUBPART$
SYS,TABCOMPART$
SYS,INDCOMPART$
SYS,PARTLOB$
SYS,LOBFRAG$
SYS,LOBCOMPPART$
SYS,DEFSUBPART$
SYS,DEFSUBPARTLOB$
SYS,INDPART_PARAM$
SYS,INSERT_TSN_LIST$
SYS,SUMPARTLOG$
SYS,SUMDELTA$
SYS,SNAP_LOGDEP$
SYS,SNAP_LOADERTIME$
SYS,MLOG$
SYS,SLOG$
SYS,SNAP_XCMT$
SYS,SNAP$
SYS,SNAP_REFTIME$
SYS,MLOG_REFCOL$
SYS,SNAP_REFOP$
SYS,SNAP_COLMAP$
SYS,SNAP_OBJCOL$
SYS,REG_SNAP$
SYS,SNAP_SITE$
SYS,RGROUP$
SYS,RGCHILD$
SYS,STREAMS$_SPLIT_MERGE
SYS,STREAMS$_CAPTURE_SERVER
SYS,STREAMS$_CAPTURE_PROCESS
SYS,STREAMS$_APPLY_PROCESS
SYS,STREAMS$_PROPAGATION_PROCESS
SYS,STREAMS$_PROCESS_PARAMS
SYS,STREAMS$_EXTRA_ATTRS
SYS,STREAMS$_PREPARE_OBJECT
SYS,STREAMS$_PREPARE_DDL
SYS,STREAMS$_APPLY_MILESTONE
SYS,STREAMS$_APPLY_PROGRESS
SYS,STREAMS$_KEY_COLUMNS
SYS,STREAMS$_DEF_PROC
SYS,STREAMS$_RULES
SYS,APPLY$_SOURCE_OBJ
SYS,APPLY$_SOURCE_SCHEMA
SYS,APPLY$_VIRTUAL_OBJ_CONS
SYS,APPLY$_CONSTRAINT_COLUMNS
SYS,APPLY$_DEST_OBJ
SYS,APPLY$_DEST_OBJ_CMAP
SYS,APPLY$_DEST_OBJ_OPS
SYS,STREAMS$_STMT_HANDLERS
SYS,STREAMS$_STMT_HANDLER_STMTS
SYS,APPLY$_CHANGE_HANDLERS
SYS,APPLY$_ERROR
SYS,APPLY$_ERROR_HANDLER
SYS,APPLY$_CONF_HDLR_COLUMNS
SYS,APPLY$_TABLE_STATS
SYS,APPLY$_PROCEDURE_STATS
SYS,APPLY$_COORDINATOR_STATS
SYS,APPLY$_SERVER_STATS
SYS,APPLY$_READER_STATS
SYS,APPLY$_BATCH_SQL_STATS
SYS,APPLY$_CDR_INFO
SYS,APPLY$_AUTO_CDR_COLUMN_GROUPS
SYS,STREAMS$_DEST_OBJS
SYS,STREAMS$_DEST_OBJ_COLS
SYS,STREAMS$_PRIVILEGED_USER
SYS,STREAMS$_MESSAGE_RULES
SYS,STREAMS$_MESSAGE_CONSUMERS
SYS,STREAMS$_APPLY_SPILL_TXN
SYS,STREAMS$_APPLY_SPILL_TXN_LIST
SYS,FGR$_FILE_GROUPS
SYS,FGR$_FILE_GROUP_VERSIONS
SYS,FGR$_FILE_GROUP_EXPORT_INFO
SYS,FGR$_FILE_GROUP_FILES
SYS,FGR$_TABLESPACE_INFO
SYS,FGR$_TABLE_INFO
SYS,RULESET$
SYS,LOG$
SYS,RECO_SCRIPT$
SYS,RECO_SCRIPT_PARAMS$
SYS,RECO_SCRIPT_BLOCK$
SYS,RECO_SCRIPT_ERROR$
SYS,COMPARISON$
SYS,COMPARISON_COL$
SYS,COMPARISON_SCAN$
SYS,COMPARISON_SCAN_VAL$
SYS,COMPARISON_ROW_DIF$
SYS,STREAMS$_COMPONENT
SYS,STREAMS$_COMPONENT_LINK
SYS,STREAMS$_COMPONENT_PROP
SYS,STREAMS$_DATABASE
SYS,XSTREAM$_SERVER
SYS,XSTREAM$_SUBSET_RULES
SYS,XSTREAM$_SYSGEN_OBJS
SYS,XSTREAM$_PARAMETERS
SYS,XSTREAM$_DML_CONFLICT_HANDLER
SYS,XSTREAM$_DML_CONFLICT_COLUMNS
SYS,XSTREAM$_REPERROR_HANDLER
SYS,XSTREAM$_HANDLE_COLLISIONS
SYS,XSTREAM$_SERVER_CONNECTION
SYS,XSTREAM$_DDL_CONFLICT_HANDLER
SYS,XSTREAM$_MAP
SYS,GOLDENGATE$_PRIVILEGES
SYS,XSTREAM$_PRIVILEGES
SYS,REPL$_DBNAME_MAPPING
SYS,RMTAB$
SYS,REPL$_PROCESS_EVENTS
SYS,GOLDENGATE$_CONTAINER_RULES
SYS,AW$
SYS,PS$
SYS,AW_OBJ$
SYS,AW_PROP$
SYS,AW_TRACK$
SYS,AW_PRG$
SYS,OLAP_MAPPINGS$
SYS,OLAP_MODELS$
SYS,OLAP_MODEL_PARENTS$
SYS,OLAP_MODEL_ASSIGNMENTS$
SYS,OLAP_CALCULATED_MEMBERS$
SYS,OLAP_SYNTAX$
SYS,OLAP_DESCRIPTIONS$
SYS,OLAP_CUBE_BUILD_PROCESSES$
SYS,OLAP_AW_VIEWS$
SYS,OLAP_AW_VIEW_COLUMNS$
SYS,OLAP_MEASURE_FOLDERS$
SYS,OLAP_MEAS_FOLDER_CONTENTS$
SYS,OLAP_AW_DEPLOYMENT_CONTROLS$
SYS,OLAP_IMPL_OPTIONS$
SYS,OLAP_MULTI_OPTIONS$
SYS,OLAP_METADATA_DEPENDENCIES$
SYS,OLAP_CUBE_DIMENSIONS$
SYS,OLAP_DIM_LEVELS$
SYS,OLAP_ATTRIBUTES$
SYS,OLAP_ATTRIBUTE_VISIBILITY$
SYS,OLAP_HIERARCHIES$
SYS,OLAP_HIER_LEVELS$
SYS,OLAP_CUBES$
SYS,OLAP_MEASURES$
SYS,OLAP_DIMENSIONALITY$
SYS,OLAP_TAB$
SYS,OLAP_TAB_COL$
SYS,OLAP_TAB_HIER$
SYS,OLAP_METADATA_PROPERTIES$
SYS,SUM$
SYS,SUMDETAIL$
SYS,SUMINLINE$
SYS,SUMKEY$
SYS,SUMAGG$
SYS,SUMJOIN$
SYS,SUMDEP$
SYS,SUMPRED$
SYS,SUMQB$
SYS,HIER$
SYS,HIERLEVEL$
SYS,DIM$
SYS,DIMLEVEL$
SYS,DIMLEVELKEY$
SYS,DIMJOINKEY$
SYS,DIMATTR$
SYS,SYNCREF$_GROUPS
SYS,SYNCREF$_TABLE_INFO
SYS,SYNCREF$_OBJECTS
SYS,SYNCREF$_PARTN_OPS
SYS,SYNCREF$_GROUP_STATUS
SYS,SYNCREF$_OBJECT_STATUS
SYS,SYNCREF$_STEP_STATUS
SYS,SYNCREF$_LOG_EXCEPTIONS
SYS,SYNCREF$_PARAMETERS
SYS,SYNCREF$_ER_REFGRPS
SYS,SYNCREF$_SOFT_ERRORS
SYS,SYNCREF$_STLOG_STATS
SYS,REDEF$
SYS,REDEF_OBJECT$
SYS,REDEF_OBJECT_BACKUP$
SYS,REDEF_DEP_ERROR$
SYS,REDEF_STATUS$
SYS,REDEF_TRACK$
SYS,MV_REFRESH_USAGE_STATS$
SYS,PTT_FEATURE$
SYS,INCEXP
SYS,INCVID
SYS,INCFIL
SYS,EXPACT$
SYS,NOEXP$
SYS,EXPPKGOBJ$
SYS,EXPPKGACT$
SYS,EXPDEPOBJ$
SYS,EXPDEPACT$
SYS,EXPIMP_TTS_CT$
SYS,METAVIEW$
SYS,METAFILTER$
SYS,METAXSL$
SYS,METAXSLPARAM$
SYS,METAXSLPARAMDESC$
SYS,METASTYLESHEET
SYS,METASCRIPT$
SYS,METASCRIPTFILTER$
SYS,METANAMETRANS$
SYS,METAPATHMAP$
SYS,IMPCALLOUTREG$
SYS,METAAUDIT$
SYS,EXTERNAL_TAB$
SYS,EXTERNAL_LOCATION$
SYS,MODEL$
SYS,MODELTAB$
SYS,MODELATT$
SYS,MODELSET$
SYS,MODELPART$
SYS,MODELPARTCOL$
SYS,MODELXFM$
SYS,MODELALG$
SYS,LOGMNR_BUILDLOG
SYS,LOGMNRG_SEED$
SYS,LOGMNRG_SEED2$
SYS,LOGMNRG_DICTIONARY$
SYS,LOGMNRG_OBJ$
SYS,LOGMNRG_TAB$
SYS,LOGMNRG_COL$
SYS,LOGMNRG_ATTRCOL$
SYS,LOGMNRG_TS$
SYS,LOGMNRG_IND$
SYS,LOGMNRG_USER$
SYS,LOGMNRG_TABPART$
SYS,LOGMNRG_TABSUBPART$
SYS,LOGMNRG_TABCOMPART$
SYS,LOGMNRG_TYPE$
SYS,LOGMNRG_COLTYPE$
SYS,LOGMNRG_ATTRIBUTE$
SYS,LOGMNRG_LOB$
SYS,LOGMNRG_CON$
SYS,LOGMNRG_CONTAINER$
SYS,LOGMNRG_CDEF$
SYS,LOGMNRG_CCOL$
SYS,LOGMNRG_ICOL$
SYS,LOGMNRG_LOBFRAG$
SYS,LOGMNRG_INDPART$
SYS,LOGMNRG_INDSUBPART$
SYS,LOGMNRG_INDCOMPART$
SYS,LOGMNRG_LOGMNR_BUILDLOG
SYS,LOGMNRG_NTAB$
SYS,LOGMNRG_OPQTYPE$
SYS,LOGMNRG_SUBCOLTYPE$
SYS,LOGMNRG_KOPM$
SYS,LOGMNRG_PROPS$
SYS,LOGMNRG_ENC$
SYS,LOGMNRG_REFCON$
SYS,LOGMNRG_IDNSEQ$
SYS,LOGMNRG_PARTOBJ$
SYS,LOGMNRG_SHARD_TS
SYS,DST$AFFECTED_TABLES
SYS,DST$ERROR_TABLE
SYS,DST$TRIGGER_TABLE
SYS,SYS_FBA_FA
SYS,SYS_FBA_TSFA
SYS,SYS_FBA_TRACKEDTABLES
SYS,SYS_FBA_PARTITIONS
SYS,SYS_FBA_USERS
SYS,SYS_FBA_BARRIERSCN
SYS,SYS_FBA_DL
SYS,SYS_FBA_CONTEXT
SYS,SYS_FBA_CONTEXT_AUD
SYS,SYS_FBA_CONTEXT_LIST
SYS,SYS_FBA_APP
SYS,SYS_FBA_APP_TABLES
SYS,SYS_FBA_COLS
SYS,SYS_FBA_PERIOD
SYS,CLI_LOG$
SYS,CLI_TAB$
SYS,CLI_INST$
SYS,CLI_PART$
SYS,CLI_TS$
SYS,REGISTRY$
SYS,REGISTRY$SCHEMAS
SYS,REGISTRY$LOG
SYS,REGISTRY$UPG_SUMMARY
SYS,REGISTRY$ERROR
SYS,REGISTRY$HISTORY
SYS,REGISTRY$PROGRESS
SYS,REGISTRY$DEPENDENCIES
SYS,REGISTRY$DATABASE
SYS,REGISTRY$UPG_RESUME
SYS,REGISTRY$BACKPORTS
SYS,TRANSFORMATIONS$
SYS,ATTRIBUTE_TRANSFORMATIONS$
SYS,NEW_LOST_WRITE_DATAFILES$
SYS,NEW_LOST_WRITE_EXTENTS$
SYS,NEW_LOST_WRITE_SHADOWS$
SYS,HCS_DIM$
SYS,HCS_DIM_ATTR$
SYS,HCS_DIM_LVL_KEY$
SYS,HCS_DIM_LVL_KEY_ATTR$
SYS,HCS_DIM_DTM_ATTR$
SYS,HCS_DIM_LVL$
SYS,HCS_LVL_ORD$
SYS,HCS_HIERARCHY$
SYS,HCS_HR_LVL$
SYS,HCS_HR_LVL_ID$
SYS,HCS_HIER_ATTR$
SYS,HCS_HIER_COL$
SYS,HCS_ANALYTIC_VIEW$
SYS,HCS_AV_KEY$
SYS,HCS_AV_DIM$
SYS,HCS_AV_MEAS$
SYS,HCS_AV_HIER$
SYS,HCS_AV_COL$
SYS,HCS_AV_LVL$
SYS,HCS_AV_LVLGRP$
SYS,HCS_LVLGRP_LVLS$
SYS,HCS_MEASLST_MEASURES$
SYS,HCS_CLSFCTN$
SYS,HCS_AV_CLSFCTN$
SYS,HCS_SRC$
SYS,HCS_SRC_COL$
SYS,HCS_DIM_JOIN_PATH$
SYS,HCS_JOIN_COND_ELEM$
SYS,HCS_HIER_JOIN_PATH$
SYS,AV_DUAL
SYS,ILM$
SYS,COMPRESSION_STAT$
SYS,ILMPOLICY$
SYS,ILMOBJ$
SYS,ILM_EXECUTION$
SYS,ILM_EXECUTIONDETAILS$
SYS,ILM_RESULTS$
SYS,ILM_PARAM$
SYS,ILM_RESULT_STAT$
SYS,ILM_DEPENDANT_OBJ$
SYS,ILM_DEP_EXECUTIONDETAILS$
SYS,ILM_CONCURRENCY$
SYS,HEAT_MAP_STAT$
SYS,HEAT_MAP_EXTENT_STAT$
SYS,COLUMN_STAT$
SYS,ADO_IMSEGSTAT$
SYS,ADO_IMSTAT$
SYS,ADO_IMTASKS$
SYS,ADO_IMSEGTASKDETAILS$
SYS,ADO_IMPARAM$
SYS,WRI$_SEGADV_ATTRIB
SYS,WRI$_SEGADV_OBJLIST
SYS,WRI$_SEGADV_CNTRLTAB
SYS,WRI$_EMX_FILES
SYS,WRP$_REPORTS_CONTROL
SYS,TSDP_SOURCE$
SYS,TSDP_SENSITIVE_TYPE$
SYS,TSDP_POLICY$
SYS,TSDP_SUBPOL$
SYS,TSDP_CONDITION$
SYS,TSDP_PARAMETER$
SYS,TSDP_ASSOCIATION$
SYS,TSDP_PROTECTION$
SYS,TSDP_FEATURE_POLICY$
SYS,TSDP_ERROR$
SYS,DBA_SENSITIVE_DATA_TBL
SYS,DBA_TSDP_POLICY_PROTECTION_TBL
SYS,TRANSACTION_BACKOUT_STATE$
SYS,TRANSACTION_BACKOUT_REPORT$
SYS,UTL_RECOMP_ERRORS
SYS,UTL_RECOMP2_SORTED
SYS,UTL_RECOMP2_COMPILED
SYS,UTL_RECOMP2_ERRORS
SYS,UTL_RECOMP2_SKIP_LIST
SYS,RULE_SET_IEUAC$
SYS,RULE_SET$
SYS,RULE$
SYS,RULE_MAP$
SYS,RULE_EC$
SYS,REC_TAB$
SYS,REC_VAR$
SYS,RULE_SET_EE$
SYS,RULE_SET_TE$
SYS,RULE_SET_VE$
SYS,RULE_SET_RE$
SYS,RULE_SET_ROR$
SYS,RULE_SET_FOB$
SYS,RULE_SET_NL$
SYS,SYS_IOT_OVER_8393
SYS,RULE_SET_RDEP$
SYS,SYS_IOT_OVER_8399
SYS,SYS_IOT_OVER_8403
SYS,SYS_IOT_OVER_8406
SYS,FGA_LOG$FOR_EXPORT_TBL
SYS,AUDTAB$TBS$FOR_EXPORT_TBL
SYS,INVALIDATION_REGISTRY$
SYS,SYS_IOT_OVER_8612
SYS,CHNF$_CLAUSE_DEPENDENTS
SYS,CHNF$_QUERY_OBJECT
SYS,CHNF$_REG_QUERIES
SYS,CHNF$_QUERIES
SYS,CHNF$_QUERY_BINDS
SYS,SYS_IOT_OVER_8647
SYS,CHNF$_QUERY_DEPENDENCIES
SYS,CHNFDIRECTLOAD$
SYS,CPOOL$
SYS,SSCR_CAP$
SYS,SSCR_RES$
SYS,REG$
SYS,LOC$
SYS,AQ$_REPLAY_INFO
SYS,AQ$_QUEUE_TABLE_AFFINITIES
SYS,AQ$_SUBSCRIBER_TABLE
SYS,AQ$_SCHEDULES
SYS,AQ$_MESSAGE_TYPES
SYS,AQ$_PROPAGATION_STATUS
SYS,AQ$_PENDING_MESSAGES
SYS,AQ$_QUEUE_STATISTICS
SYS,AQ$_PUBLISHER
SYS,AQ$_QUEUE_SHARDS
SYS,AQ$_QUEUE_PARTITION_MAP
SYS,AQ$_DEQUEUE_LOG_PARTITION_MAP
SYS,AQ$_E_QUEUE_PARTITION_MAP
SYS,AQ$_DURABLE_SUBS
SYS,AQ$_QUEUE_PARAMS
SYS,AQ$_SHARD_MAP
SYS,SYS_IOT_OVER_9116
SYS,WRI$_ADV_DEFINITIONS
SYS,WRI$_ADV_DEF_PARAMETERS
SYS,WRI$_ADV_DEF_EXEC_TYPES
SYS,WRI$_ADV_TASKS
SYS,WRI$_ADV_PARAMETERS
SYS,WRI$_ADV_EXECUTIONS
SYS,WRI$_ADV_EXEC_PARAMETERS
SYS,WRI$_ADV_OBJECTS
SYS,WRI$_ADV_FINDINGS
SYS,WRI$_ADV_INST_FDG
SYS,WRI$_ADV_RECOMMENDATIONS
SYS,WRI$_ADV_ACTIONS
SYS,WRI$_ADV_RATIONALE
SYS,WRI$_ADV_REC_ACTIONS
SYS,WRI$_ADV_DIRECTIVE_DEFS
SYS,WRI$_ADV_DIRECTIVE_META
SYS,WRI$_ADV_DIRECTIVE_INSTANCES
SYS,WRI$_ADV_JOURNAL
SYS,WRI$_ADV_MESSAGE_GROUPS
SYS,WRI$_ADV_SQLT_PLAN_HASH
SYS,WRI$_ADV_SQLT_PLAN_STATS
SYS,WRI$_ADV_SQLT_PLANS
SYS,WRI$_ADV_USAGE
SYS,WRI$_ADV_ADDM_TASKS
SYS,WRI$_ADV_ADDM_INST
SYS,WRI$_ADV_ADDM_FDG
SYS,WRI$_ADV_ADDM_TODO
SYS,WRI$_ADV_AI_COL_USAGE
SYS,SCHEDULER$_DBMSJOB_MAP
SYS,SCHEDULER$_PROGRAM
SYS,SCHEDULER$_CLASS
SYS,SCHEDULER$_JOB
SYS,SCHEDULER$_SAVED_OIDS
SYS,SCHEDULER$_LWJOB_OBJ
SYS,SCHEDULER$_LIGHTWEIGHT_JOB
SYS,SCHEDULER$_JOB_ARGUMENT
SYS,SCHEDULER$_WINDOW
SYS,SCHEDULER$_PROGRAM_ARGUMENT
SYS,SCHEDULER$_SRCQ_INFO
SYS,SCHEDULER$_SRCQ_MAP
SYS,SCHEDULER$_EVTQ_SUB
SYS,SCHEDULER$_EVENT_LOG
SYS,SCHEDULER$_JOB_RUN_DETAILS
SYS,SCHEDULER$_JOB_OUTPUT
SYS,SCHEDULER$_JOB_OUT_ARGS
SYS,SCHEDULER$_WINDOW_DETAILS
SYS,SCHEDULER$_WINDOW_GROUP
SYS,SCHEDULER$_WINGRP_MEMBER
SYS,SCHEDULER$_SCHEDULE
SYS,SCHEDULER$_CHAIN
SYS,SCHEDULER$_STEP
SYS,SCHEDULER$_STEP_STATE
SYS,SCHEDULER$_GLOBAL_ATTRIBUTE
SYS,SCHEDULER$_CREDENTIAL
SYS,SCHEDULER$_RJOB_SRC_DB_INFO
SYS,SCHEDULER$_REMOTE_DBS
SYS,SCHEDULER$_REMOTE_JOB_STATE
SYS,SCHEDULER$_FILE_WATCHER
SYS,SCHEDULER$_FILEWATCHER_HISTORY
SYS,SCHEDULER$_FILEWATCHER_RESEND
SYS,SCHEDULER$_NOTIFICATION
SYS,SCHEDULER$_DESTINATIONS
SYS,SCHEDULER$_JOB_DESTINATIONS
SYS,SCHEDULER$_RESOURCES
SYS,SCHEDULER$_CONSTRAINTS
SYS,SCHEDULER$_CONSTRAINTS_STATS
SYS,SCHEDULER$_LISTENERADDRESSES
SYS,KU_UTLUSE
SYS,KU$_USER_MAPPING_VIEW_TBL
SYS,KU_NOEXP_TAB
SYS,CRC$_RESULT_CACHE_STATS
SYS,WRI$_DBU_FEATURE_USAGE
SYS,WRI$_DBU_FEATURE_METADATA
SYS,WRI$_DBU_HIGH_WATER_MARK
SYS,WRI$_DBU_HWM_METADATA
SYS,WRI$_DBU_USAGE_SAMPLE
SYS,WRI$_DBU_CPU_USAGE
SYS,WRI$_DBU_CPU_USAGE_SAMPLE
SYS,WRI$_ALERT_OUTSTANDING
SYS,WRI$_ALERT_HISTORY
SYS,WRI$_ALERT_THRESHOLD
SYS,WRI$_ALERT_THRESHOLD_LOG
SYS,KET$_AUTOTASK_STATUS
SYS,KET$_CLIENT_CONFIG
SYS,KET$_CLIENT_TASKS
SYS,ATSK$_SCHEDULE_CONTROL
SYS,WRI$_TRACING_ENABLED
SYS,WRI$_AGGREGATION_ENABLED
SYS,WRI$_ADV_SQLT_BINDS
SYS,WRI$_ADV_SQLT_STATISTICS
SYS,WRI$_ADV_SQLT_RTN_PLAN
SYS,WRI$_SQLSET_DEFINITIONS
SYS,WRI$_SQLSET_REFERENCES
SYS,WRI$_SQLSET_STATEMENTS
SYS,WRI$_SQLSET_PLANS
SYS,WRI$_SQLSET_STATISTICS
SYS,WRI$_SQLSET_MASK
SYS,WRI$_SQLSET_PLAN_LINES
SYS,WRI$_SQLSET_BINDS
SYS,WRI$_SQLSET_WORKSPACE
SYS,WRI$_SQLSET_WORKSPACE_PLANS
SYS,WRI$_SQLMON_USAGE
SYS,WRI$_INDEX_USAGE
SYS,UMF$_TOPOLOGY
SYS,UMF$_REGISTRATION
SYS,UMF$_LINK
SYS,UMF$_SERVICE
SYS,SQL$_DATAPUMP_TBL
SYS,SQL$TEXT_DATAPUMP_TBL
SYS,SQLOBJ$_DATAPUMP_TBL
SYS,SQLOBJ$PLAN_DATAPUMP_TBL
SYS,SQLOBJ$DATA_DATAPUMP_TBL
SYS,SQLOBJ$AUXDATA_DATAPUMP_TBL
SYS,WRR$_FILTERS
SYS,WRR$_CAPTURES
SYS,WRR$_CAPTURE_BUCKETS
SYS,WRR$_CAPTURE_STATS
SYS,WRR$_CAPTURE_UC_GRAPH
SYS,WRR$_CAPTURE_FILES
SYS,WRR$_CAPTURE_SQL_TMP
SYS,WRR$_CAPTURE_SQLTEXT
SYS,WRR$_CAPTURE_LONG_SQLTEXT
SYS,WRR$_CAPTURE_SCHEMA_INFO_TMP
SYS,WRR$_CAPTURE_SCHEMA_INFO
SYS,WRR$_REPLAYS
SYS,WRR$_REPLAY_STATS
SYS,WRR$_REPLAY_DIV_SUMMARY
SYS,WRR$_REPLAY_DIVERGENCE
SYS,WRR$_REPLAY_UC_GRAPH
SYS,WRR$_COMMIT_FIRST_CALL_SCN
SYS,WRR$_REPLAY_CALL_INFO
SYS,WRR$_ASREPLAY_DATA
SYS,WRR$_REPLAY_SEQ_DATA
SYS,WRR$_REPLAY_DATA
SYS,WRR$_CONNECTION_MAP
SYS,WRR$_USER_MAP
SYS,WRR$_REPLAY_SQL_TEXT
SYS,WRR$_REPLAY_SQL_BINDS
SYS,WRR$_SEQUENCE_EXCEPTIONS
SYS,WRR$_COMPONENT_TIMING
SYS,WRR$_REPLAY_CALL_FILTER
SYS,WRR$_REPLAY_FILTER_SET
SYS,WRR$_REPLAY_DEP_GRAPH
SYS,WRR$_REPLAY_COMMITS
SYS,WRR$_REPLAY_REFERENCES
SYS,WRR$_REPLAY_DIRECTORY
SYS,WRR$_REPLAY_SCHEDULES
SYS,WRR$_SCHEDULE_CAPTURES
SYS,WRR$_SCHEDULE_ORDERING
SYS,WRR$_FILE_ID_MAP
SYS,WRR$_WORKLOAD_GROUPS
SYS,WRR$_REPLAY_LOGIN_QUEUE
SYS,WRR$_REPLAY_CONN_DATA
SYS,WRR$_CAPTURE_FILE_DETAILS
SYS,WRR$_REPLAY_FILES
SYS,WRR$_REPLAY_INSTANCES
SYS,WRR$_REPLAY_GROUP_ASSIGNMENTS
SYS,WRR$_WORKLOAD_SESSIONS
SYS,WRR$_WORKLOAD_EX_OBJECTS
SYS,WRR$_REPLAY_CLIENTS
SYS,WRR$_REPLAY_TRACKED_COMMITS
SYS,WRR$_REPLAY_SQL_MAP
SYS,WI$_JOB
SYS,WI$_TEMPLATE
SYS,WI$_STATEMENT
SYS,WI$_OBJECT
SYS,WI$_CAPTURE_FILE
SYS,WI$_EXECUTION_ORDER
SYS,WI$_FREQUENT_PATTERN
SYS,WI$_FREQUENT_PATTERN_ITEM
SYS,WI$_FREQUENT_PATTERN_METADATA
SYS,WRI$_ADV_SQLW_SUM
SYS,WRI$_ADV_SQLW_STMTS
SYS,WRI$_ADV_SQLW_TABLES
SYS,WRI$_ADV_SQLW_TABVOL
SYS,WRI$_ADV_SQLW_COLVOL
SYS,WRI$_ADV_SQLA_MAP
SYS,WRI$_ADV_SQLA_SUM
SYS,WRI$_ADV_SQLA_STMTS
SYS,WRI$_ADV_SQLA_TABLES
SYS,WRI$_ADV_SQLA_TABVOL
SYS,WRI$_ADV_SQLA_COLVOL
SYS,WRI$_ADV_SQLA_TMP
SYS,WRI$_ADV_SQLA_FAKE_REG
SYS,DBMS_PARALLEL_EXECUTE_TASK$
SYS,DBMS_PARALLEL_EXECUTE_CHUNKS$
SYS,DBFS$_STORES
SYS,DBFS$_MOUNTS
SYS,DBFS$_CLIENTS
SYS,DBFS$_STATS
SYS,DBFS_SFS$_TAB
SYS,DBFS_SFS$_VOL
SYS,DBFS_SFS$_SNAP
SYS,DBFS_SFS$_FS
SYS,DBFS_SFS$_FST
SYS,DBFS_SFS$_FSTP
SYS,DBFS_SFS$_FSTO
SYS,DBFS_HS$_FS
SYS,DBFS_HS$_PROPERTY
SYS,DBFS_HS$_SFLOCATORTABLE
SYS,DBFS_HS$_BACKUPFILETABLE
SYS,DBFS_HS$_CONTENTFNMAPTBL
SYS,DBFS_HS$_STORECOMMANDS
SYS,DBFS_HS$_STOREID2POLICYCTX
SYS,DBFS_HS$_STOREPROPERTIES
SYS,DBFS_HS$_STOREIDTABLE
SYS,XS$WORKSPACE
SYS,XS$TENANT
SYS,XS$OBJ
SYS,XS$PRIN
SYS,XS$ROLE_GRANT
SYS,XS$PROXY_ROLE
SYS,XS$SECCLS
SYS,XS$SECCLS_H
SYS,XS$PRIV
SYS,XS$AGGR_PRIV
SYS,XS$ACL
SYS,XS$ACE
SYS,XS$ACE_PRIV
SYS,XS$DSEC
SYS,XS$POLICY_PARAM
SYS,XS$ACL_PARAM
SYS,XS$ATTR_SEC
SYS,XS$INSTSET_LIST
SYS,XS$INSTSET_RULE
SYS,XS$INSTSET_ACL
SYS,XS$INSTSET_INH
SYS,XS$INSTSET_INH_KEY
SYS,XS$OLAP_POLICY
SYS,XS$ROLESET
SYS,XS$ROLESET_ROLES
SYS,XS$NSTMPL
SYS,XS$NSTMPL_ATTR
SYS,RXS$SESSIONS
SYS,RXS$SESSION_ROLES
SYS,RXS$SESSION_APPNS
SYS,XS$CACHE_ACTIONS
SYS,XS$CACHE_DELETE
SYS,NACL$_HOST
SYS,NACL$_WALLET
SYS,NACL$_NAME_MAP
SYS,PRIV_CAPTURE$
SYS,CAPTURE_RUN_LOG$
SYS,CAPTURED_PRIV$
SYS,PRIV_USED_PATH$
SYS,PRIV_UNUSED$
SYS,PRIV_UNUSED_PATH$
SYS,UNUSED_GRANT$
SYS,WRR$_MASKING_DEFINITION
SYS,WRR$_MASKING_PARAMETERS
SYS,WRI$_STS_GRANULES
SYS,WRI$_STS_SENSITIVE_SQL
SYS,WRI$_MASKING_SCRIPT_PROGRESS
SYS,WRI$_STS_MASKING_STEP_PROGRESS
SYS,WRR$_MASKING_FILE_PROGRESS
SYS,WRR$_MASKING_BIND_CACHE
SYS,WRI$_STS_MASKING_ERRORS
SYS,WRI$_STS_MASKING_EXCEPTIONS
SYS,OPATCH_XML_INV
SYS,OPATCH_XINV_TAB
SYS,OPATCH_INST_JOB
SYS,OPATCH_INST_PATCH
SYS,OPATCH_SQL_PATCHES
SYS,HANG_MANAGER_PARAMETERS
SYS,MVREF$_STATS
SYS,MVREF$_RUN_STATS
SYS,MVREF$_CHANGE_STATS
SYS,MVREF$_STMT_STATS
SYS,MVREF$_STATS_SYS_DEFAULTS
SYS,MVREF$_STATS_PARAMS
SYS,LINK_SOURCES$
SYS,LINK_LOGONS$
SYS,EXTERNAL_SCN_ACTIVITY$
SYS,IM_JOINGROUP$
SYS,IM_DOMAIN$
SYS,SYSDBIMFS_METADATA$
SYS,SYSDBIMFSSEG$
SYS,SYSDBIMFS$
SYS,SYSDBIMFSDBA$
SYS,IM_IME$
SYS,BLOCKCHAIN_TABLE$
SYS,BLOCKCHAIN_TABLE_EPOCH$
SYS,BLOCKCHAIN_TABLE_DROPPED$
SYS,USER_CERTS$
SYS,NOTIFICATION$
SYS,WRH$_LATCH_BL
SYS,WRH$_LATCH_CHILDREN_BL
SYS,WRH$_LATCH_PARENT_BL
SYS,WRH$_LATCH_MISSES_SUMMARY_BL
SYS,WRH$_EVENT_HISTOGRAM_BL
SYS,WRH$_MUTEX_SLEEP
SYS,WRH$_LIBRARYCACHE
SYS,WRH$_DB_CACHE_ADVICE_BL
SYS,WRH$_BUFFER_POOL_STATISTICS
SYS,WRH$_ROWCACHE_SUMMARY_BL
SYS,WRH$_SGA
SYS,WRH$_SGASTAT_BL
SYS,WRH$_PGASTAT
SYS,WRH$_PROCESS_MEMORY_SUMMARY
SYS,WRH$_RESOURCE_LIMIT
SYS,WRH$_SHARED_POOL_ADVICE
SYS,WRH$_STREAMS_POOL_ADVICE
SYS,WRH$_SQL_WORKAREA_HISTOGRAM
SYS,WRH$_PGA_TARGET_ADVICE
SYS,WRH$_SGA_TARGET_ADVICE
SYS,WRH$_MEMORY_TARGET_ADVICE
SYS,WRH$_MEMORY_RESIZE_OPS
SYS,WRH$_INSTANCE_RECOVERY
SYS,WRH$_RECOVERY_PROGRESS
SYS,WRH$_JAVA_POOL_ADVICE
SYS,WRH$_THREAD
SYS,WRH$_SYSSTAT_BL
SYS,WRH$_CON_SYSSTAT_BL
SYS,WRH$_IM_SEG_STAT_BL
SYS,WRH$_IM_SEG_STAT_OBJ
SYS,WRH$_SYS_TIME_MODEL_BL
SYS,WRH$_CON_SYS_TIME_MODEL_BL
SYS,WRH$_OSSTAT_BL
SYS,WRH$_PARAMETER_BL
SYS,WRH$_MVPARAMETER_BL
SYS,WRH$_STAT_NAME
SYS,WRH$_OSSTAT_NAME
SYS,WRH$_PARAMETER_NAME
SYS,WRH$_PLAN_OPERATION_NAME
SYS,WRH$_PLAN_OPTION_NAME
SYS,WRH$_SQLCOMMAND_NAME
SYS,WRH$_TOPLEVELCALL_NAME
SYS,WRH$_UNDOSTAT
SYS,WRH$_SEG_STAT_BL
SYS,WRH$_SEG_STAT_OBJ
SYS,WRH$_METRIC_NAME
SYS,WRH$_SYSMETRIC_HISTORY_BL
SYS,WRH$_SYSMETRIC_SUMMARY
SYS,WRH$_CON_SYSMETRIC_HISTORY_BL
SYS,WRH$_CON_SYSMETRIC_SUMMARY
SYS,WRH$_SESSMETRIC_HISTORY
SYS,WRH$_FILEMETRIC_HISTORY
SYS,WRH$_WAITCLASSMETRIC_HISTORY
SYS,WRH$_DLM_MISC_BL
SYS,WRH$_CR_BLOCK_SERVER
SYS,WRH$_CURRENT_BLOCK_SERVER
SYS,WRH$_INST_CACHE_TRANSFER_BL
SYS,WRH$_ACTIVE_SESSION_HISTORY_BL
SYS,WRH$_TABLESPACE_STAT_BL
SYS,WRH$_LOG
SYS,WRH$_MTTR_TARGET_ADVICE
SYS,WRH$_TABLESPACE
SYS,WRH$_TABLESPACE_SPACE_USAGE
SYS,WRH$_SERVICE_NAME
SYS,WRH$_SERVICE_STAT_BL
SYS,WRH$_SERVICE_WAIT_CLASS_BL
SYS,WRH$_SESS_TIME_STATS
SYS,WRH$_STREAMS_CAPTURE
SYS,WRH$_STREAMS_APPLY_SUM
SYS,WRH$_BUFFERED_QUEUES
SYS,WRH$_BUFFERED_SUBSCRIBERS
SYS,WRH$_PERSISTENT_QUEUES
SYS,WRH$_PERSISTENT_SUBSCRIBERS
SYS,WRH$_RULE_SET
SYS,WRH$_SESS_SGA_STATS
SYS,WRH$_REPLICATION_TBL_STATS
SYS,WRH$_REPLICATION_TXN_STATS
SYS,WRH$_CELL_CONFIG
SYS,WRH$_CELL_CONFIG_DETAIL
SYS,WRH$_ASM_DISKGROUP
SYS,WRH$_ASM_DISKGROUP_STAT
SYS,WRH$_ASM_BAD_DISK
SYS,WRH$_CELL_GLOBAL_SUMMARY_BL
SYS,WRH$_CELL_DISK_SUMMARY_BL
SYS,WRH$_CELL_METRIC_DESC
SYS,WRH$_CELL_GLOBAL_BL
SYS,WRH$_CELL_IOREASON_NAME
SYS,WRH$_CELL_IOREASON_BL
SYS,WRH$_CELL_DB_BL
SYS,WRH$_CELL_OPEN_ALERTS_BL
SYS,WRI$_SCH_CONTROL
SYS,WRI$_SCH_VOTES
SYS,WRH$_RSRC_CONSUMER_GROUP
SYS,WRH$_RSRC_PLAN
SYS,WRH$_RSRC_METRIC
SYS,WRH$_RSRC_PDB_METRIC
SYS,WRH$_CLUSTER_INTERCON
SYS,WRH$_IC_DEVICE_STATS
SYS,WRH$_IC_CLIENT_STATS
SYS,WRH$_MEM_DYNAMIC_COMP
SYS,WRH$_INTERCONNECT_PINGS_BL
SYS,WRH$_DISPATCHER
SYS,WRH$_SHARED_SERVER_SUMMARY
SYS,WRH$_DYN_REMASTER_STATS
SYS,WRH$_LMS_STATS
SYS,WRH$_PERSISTENT_QMN_CACHE
SYS,WRH$_ASM_DISK_STAT_SUMMARY_BL
SYS,WRM$_WR_USAGE
SYS,WRM$_DATABASE_INSTANCE
SYS,WRM$_SNAPSHOT
SYS,WRM$_SNAPSHOT_DETAILS
SYS,WRM$_SNAP_ERROR
SYS,WRH$_FILESTATXS_BL
SYS,WRH$_TEMPSTATXS
SYS,WRH$_DATAFILE
SYS,WRH$_TEMPFILE
SYS,WRH$_COMP_IOSTAT
SYS,WRH$_IOSTAT_FUNCTION
SYS,WRH$_IOSTAT_FUNCTION_NAME
SYS,WRH$_IOSTAT_FILETYPE
SYS,WRH$_IOSTAT_FILETYPE_NAME
SYS,WRH$_IOSTAT_DETAIL
SYS,WRH$_SQLSTAT_BL
SYS,WRH$_SQLTEXT
SYS,WRI$_SQLTEXT_REFCOUNT
SYS,WRH$_SQL_SUMMARY
SYS,WRH$_SQL_PLAN
SYS,WRH$_SQL_BIND_METADATA
SYS,WRH$_OPTIMIZER_ENV
SYS,WRH$_SYSTEM_EVENT_BL
SYS,WRH$_CON_SYSTEM_EVENT_BL
SYS,WRH$_EVENT_NAME
SYS,WRH$_LATCH_NAME
SYS,WRH$_BG_EVENT_SUMMARY
SYS,WRH$_CHANNEL_WAITS
SYS,WRH$_WAITSTAT_BL
SYS,WRH$_ENQUEUE_STAT
SYS,WRM$_BASELINE
SYS,WRM$_COLORED_SQL
SYS,WRM$_BASELINE_DETAILS
SYS,WRM$_BASELINE_TEMPLATE
SYS,WRM$_PDB_INSTANCE
SYS,WRM$_PDB_IN_SNAP_BL
SYS,WRM$_ACTIVE_PDBS_BL
SYS,WRM$_WR_SETTINGS
SYS,WRM$_TABLE_DEFAULT_SETTINGS
SYS,WRM$_TABLE_SETTINGS
SYS,WRM$_WR_CONTROL
SYS,WRH$_PROCESS_WAITTIME_BL
SYS,WRH$_AWR_TEST_1_BL
SYS,WRH$_SESS_NETWORK_BL
SYS,WRW$_WAREHOUSE_CONFIG
SYS,WRWS$_WAREHOUSE_REGISTRATION
SYS,WRWC$_EXP_CONTROL
SYS,WRW$_CLIENT_MAILPKG
SYS,WRW$_SERVER_MAILPKG
SYS,WRW$_CLIENT_DELIVERY_SVC
SYS,BDSQL_USER_MAP
SYS,WRI$_OPTSTAT_SYNOPSIS_PARTGRP
SYS,WRI$_OPTSTAT_SYNOPSIS_HEAD$
SYS,GG$_SUPPORTED_PACKAGES
SYS,GG$_PROCEDURE_ANNOTATION
SYS,GG$_PROC_OBJECT_EXCLUSION
SYS,GG$_PACKAGE_MAPPING
SYS,STREAMS$_APPLY_SPILL_MESSAGES
SYS,APPLY$_ERROR_TXN
SYS,STREAMS$_INTERNAL_TRANSFORM
SYS,NACL$_HOST_EXP_TBL
SYS,NACL$_WALLET_EXP_TBL
SYS,NACL$_ACE_EXP_TBL
SYS,DBMS_LOCK_ALLOCATED
SYS,DBMS_ALERT_INFO
SYS,SCHEDULER$_EVENT_QTAB
SYS,AQ$_SCHEDULER$_EVENT_QTAB_S
SYS,AQ$_SCHEDULER$_EVENT_QTAB_L
SYS,SYS_IOT_OVER_20285
SYS,SCHEDULER$_REMDB_JOBQTAB
SYS,AQ$_SCHEDULER$_REMDB_JOBQTAB_S
SYS,AQ$_SCHEDULER$_REMDB_JOBQTAB_L
SYS,SYS_IOT_OVER_20319
SYS,SCHEDULER_FILEWATCHER_QT
SYS,AQ$_SCHEDULER_FILEWATCHER_QT_S
SYS,AQ$_SCHEDULER_FILEWATCHER_QT_L
SYS,SYS_IOT_OVER_20349
SYS,ALERT_QT
SYS,AQ$_ALERT_QT_S
SYS,AQ$_ALERT_QT_L
SYS,SYS_IOT_OVER_20404
SYS,RPP$X$KCCDI
SYS,RPP$X$KCCDI2
SYS,RPP$X$KCCIC
SYS,RPP$X$KCCPDB
SYS,RPP$X$KCPDBINC
SYS,RPP$X$KCCTS
SYS,RPP$X$KCCFE
SYS,RPP$X$KCCFN
SYS,RPP$X$KCVDF
SYS,RPP$X$KCCTF
SYS,RPP$X$KCVFH
SYS,RPP$X$KCVFHTMP
SYS,RPP$X$KCVFHALL
SYS,RPP$X$KCCRT
SYS,RPP$X$KCCLE
SYS,RPP$X$KCCSL
SYS,RPP$X$KCCTIR
SYS,RPP$X$KCCOR
SYS,RPP$X$KCCLH
SYS,RPP$X$KCCAL
SYS,RPP$X$KCCBS
SYS,RPP$X$KCCBP
SYS,RPP$X$KCCBF
SYS,RPP$X$KCCBL
SYS,RPP$X$KCCBI
SYS,RPP$X$KCCDC
SYS,RPP$X$KCCPD
SYS,RPP$X$KCCPA
SYS,RPP$X$KCCPIC
SYS,RPP$X$KCCBLKCOR
SYS,RPP$X$KCCCC
SYS,RPP$X$KCCFC
SYS,RPP$X$KCCRSR
SYS,RPP$X$KCCTKH
SYS,ROPP$X$KCCSDM
SYS,ROPP$X$KCCFHXCP
SYS,ROPP$X$PDBHISTORY
SYS,ROPP$X$KCCAL
SYS,ROPP$X$KCCBS
SYS,ROPP$X$KCCBP
SYS,ROPP$X$KCCBF
SYS,ROPP$X$KCCBL
SYS,ROPP$X$KCCBI
SYS,ROPP$X$KCCDC
SYS,ROPP$X$KCCPD
SYS,ROPP$X$KCCPA
SYS,ROPP$X$KCCDI
SYS,ROPP$X$KCCDI2
SYS,ROPP$X$KCCIC
SYS,ROPP$X$KCCPDB
SYS,ROPP$X$KCPDBINC
SYS,ROPP$X$KCCTS
SYS,ROPP$X$KCCFE
SYS,ROPP$X$KCCFN
SYS,ROPP$X$KCVDF
SYS,ROPP$X$KCCTF
SYS,ROPP$X$KCVFH
SYS,ROPP$X$KCVFHTMP
SYS,ROPP$X$KCVFHALL
SYS,ROPP$X$KCCRT
SYS,ROPP$X$KCCLE
SYS,ROPP$X$KCCSL
SYS,ROPP$X$KCCTIR
SYS,ROPP$X$KCCOR
SYS,ROPP$X$KCCLH
SYS,ROPP$X$KCCPIC
SYS,ROPP$X$KCCBLKCOR
SYS,ROPP$X$KCCCC
SYS,ROPP$X$KCCFC
SYS,ROPP$X$KCCRSR
SYS,ROPP$X$KCCTKH
SYS,ORA$PREPLUGIN_BACKUP_QTB
SYS,AQ$_ORA$PREPLUGIN_BACKUP_QTB_S
SYS,AQ$_ORA$PREPLUGIN_BACKUP_QTB_L
SYS,SYS_IOT_OVER_20671
SYS,HS$_FDS_CLASS
SYS,HS$_FDS_INST
SYS,HS$_BASE_CAPS
SYS,HS$_CLASS_CAPS
SYS,HS$_INST_CAPS
SYS,HS$_BASE_DD
SYS,HS$_CLASS_DD
SYS,HS$_INST_DD
SYS,HS$_CLASS_INIT
SYS,HS$_INST_INIT
SYS,HS$_FDS_CLASS_DATE
SYS,HS_BULKLOAD_VIEW_OBJ
SYS,HS$_PARALLEL_METADATA
SYS,HS_PARTITION_COL_NAME
SYS,HS_PARTITION_COL_TYPE
SYS,HS$_PARALLEL_PARTITION_DATA
SYS,HS$_PARALLEL_HISTOGRAM_DATA
SYS,HS$_PARALLEL_SAMPLE_DATA
SYS,AQ$_MEM_MC
SYS,AQ$_AQ$_MEM_MC_S
SYS,AQ$_AQ$_MEM_MC_L
SYS,SYS_IOT_OVER_20891
SYS,AQ_EVENT_TABLE
SYS,AQ_PROP_TABLE
SYS,AQ$_AQ_PROP_TABLE_S
SYS,AQ$_AQ_PROP_TABLE_L
SYS,SYS_IOT_OVER_20927
SYS,CQN_EVENT_TABLE
SYS,WRMS$_SNAPSHOT
SYS,WRHS$_STAT_NAME
SYS,WRHS$_PARAMETER_NAME
SYS,WRHS$_EVENT_NAME
SYS,WRHS$_LATCH_NAME
SYS,WRHS$_DATAFILE
SYS,WRHS$_TEMPFILE
SYS,WRHS$_SQLTEXT
SYS,WRHS$_SQL_PLAN
SYS,WRHS$_SEG_STAT_OBJ
SYS,WRHS$_SERVICE_NAME
SYS,WRHS$_METRIC_NAME
SYS,WRHS$_SQL_BIND_METADATA
SYS,WRHS$_OSSTAT_NAME
SYS,WRHS$_OPTIMIZER_ENV
SYS,WRHS$_IOSTAT_FUNCTION_NAME
SYS,WRHS$_IOSTAT_FILETYPE_NAME
SYS,WRHS$_PLAN_OPERATION_NAME
SYS,WRHS$_PLAN_OPTION_NAME
SYS,WRHS$_SQLCOMMAND_NAME
SYS,WRHS$_TOPLEVELCALL_NAME
SYS,WRHS$_TABLESPACE
SYS,WRHS$_CELL_METRIC_DESC
SYS,WRHS$_CELL_IOREASON_NAME
SYS,WRHS$_IM_SEG_STAT_OBJ
SYS,SYS$SERVICE_METRICS_TAB
SYS,AQ$_SYS$SERVICE_METRICS_TAB_S
SYS,AQ$_SYS$SERVICE_METRICS_TAB_L
SYS,SYS_IOT_OVER_21260
SYS,PDB_MON_EVENT_QTABLE$
SYS,AQ$_PDB_MON_EVENT_QTABLE$_S
SYS,AQ$_PDB_MON_EVENT_QTABLE$_L
SYS,SYS_IOT_OVER_21432
SYS,DDL_REQUESTS
SYS,DDL_REQUESTS_PWD
SYS,REGISTRY$SQLPATCH
SYS,REGISTRY$SQLPATCH_RU_INFO
SYS,EPG$_AUTH
SYS,PLSQL_TRACE_RUNS
SYS,PLSQL_TRACE_EVENTS
SYS,DBMS_SQLPATCH_STATE
SYS,DBMS_SQLPATCH_FILES
SYS,UNIFIED_MISC_AUDITED_ACTIONS
SYS,WRI$_HEATMAP_TOP_OBJECTS
SYS,WRI$_TOPN_METADATA
SYS,SQL_TK_COLL_CHK$
SYS,SQL_TK_ROW_CHK$
SYS,SQL_TK_REF_CHK$
SYS,SQL_TK_TAB_DESC$
SYS,OFSMTAB$
SYS,OFSOTAB$
SYS,OFSDTAB$
SYS,OFSFTAB$
SYS,USER_EDITIONING$
SYS,UTL_RECOMP_SORTED
SYS,WRI$_REPT_FORMATS
SYS,UTL_RECOMP_SKIP_LIST
SYS,AUDIT_ACTIONS
SYS,EDITIONING_TYPES$
SYS,ATEMPTAB$
SYS,SQLLOG$
SYS,SQLOBJ$
SYS,SQLOBJ$DATA
SYS,MAP_OBJECT
SYS,CLUSTER_DATABASES
SYS,CLUSTER_NODES
SYS,CLUSTER_INSTANCES
SYS,SVCOBJ$
SYS,SVCOBJ_ACCESS$
SYS,FINALHIST$
SYS,STATS_ADVISOR_FILTER_OBJ$
SYS,STATS_ADVISOR_FILTER_OPR$
SYS,STATS_ADVISOR_FILTER_RULE$
SYS,OPT_SQLSTAT$
SYS,MODELGTTRAW$
SYS,SYS_MFBA_STAGE_RID
SYS,SYS_MFBA_TRACKED_TXN
SYS,SYS_MFBA_NROW
SYS,SYS_MFBA_NCHANGE
SYS,SYS_MFBA_NTCRV
SYS,PSTUBTBL
SYS,WRI$_ADV_ASA_RECO_DATA
SYS,WRP$_REPORTS
SYS,WRP$_REPORTS_DETAILS
SYS,WRP$_REPORTS_TIME_BANDS
SYS,PLAN_TABLE$
SYS,RULE_SET_PR$
SYS,RULE_SET_IOT$
SYS,RULE_SET_ROP$
SYS,RULE_SET_PTPDTY$
SYS,CHNF$_CLAUSES
SYS,CHNF$_GROUP_FILTER_IOT
SYS,CHNF$_QUERY_DELTAS
SYS,AQ$_SUBSCRIBER_LWM
SYS,RECENT_RESOURCE_INCARNATIONS$
SYS,WRI$_ADV_ADDM_PDBS
SYS,KU$_LIST_FILTER_TEMP_2
SYS,KU$_LIST_FILTER_TEMP
SYS,DATA_PUMP_XPL_TABLE$
SYS,KU$NOEXP_TAB
SYS,KU$_SHARD_DOMIDX_NAMEMAP
SYS,WRI$_SQLSET_PLANS_TOCAP
SYS,WRI$_SQLSET_STS_TOPACK
SYS,WRR$_REPLAY_SCN_ORDER
SYS,WRR$_REPLAY_COMMIT_REMAPPING
SYS,WRR$_WORKLOAD_ATTRIBUTES
SYS,WRR$_WORKLOAD_REPLAY_THREAD
SYS,LTXID_TRANS
SYS,BLOCKCHAIN_TABLE_CHAIN$
SYS,KU$XKTFBUE
SYS,WRH$_FILESTATXS
SYS,WRH$_SQLSTAT
SYS,WRH$_SYSTEM_EVENT
SYS,WRH$_CON_SYSTEM_EVENT
SYS,WRH$_WAITSTAT
SYS,WRH$_LATCH
SYS,WRH$_LATCH_CHILDREN
SYS,WRH$_LATCH_PARENT
SYS,WRH$_LATCH_MISSES_SUMMARY
SYS,WRH$_EVENT_HISTOGRAM
SYS,WRH$_DB_CACHE_ADVICE
SYS,WRH$_ROWCACHE_SUMMARY
SYS,WRH$_SGASTAT
SYS,WRH$_SYSSTAT
SYS,WRH$_CON_SYSSTAT
SYS,WRH$_IM_SEG_STAT
SYS,WRH$_SYS_TIME_MODEL
SYS,WRH$_CON_SYS_TIME_MODEL
SYS,WRH$_OSSTAT
SYS,WRH$_PARAMETER
SYS,WRH$_MVPARAMETER
SYS,WRH$_SEG_STAT
SYS,WRH$_SYSMETRIC_HISTORY
SYS,WRH$_CON_SYSMETRIC_HISTORY
SYS,WRH$_DLM_MISC
SYS,WRH$_INST_CACHE_TRANSFER
SYS,WRH$_ACTIVE_SESSION_HISTORY
SYS,WRH$_TABLESPACE_STAT
SYS,WRH$_SERVICE_STAT
SYS,WRH$_SERVICE_WAIT_CLASS
SYS,WRH$_CELL_GLOBAL_SUMMARY
SYS,WRH$_CELL_DISK_SUMMARY
SYS,WRH$_CELL_GLOBAL
SYS,WRH$_CELL_IOREASON
SYS,WRH$_CELL_DB
SYS,WRH$_CELL_OPEN_ALERTS
SYS,WRH$_INTERCONNECT_PINGS
SYS,WRH$_ASM_DISK_STAT_SUMMARY
SYS,WRM$_PDB_IN_SNAP
SYS,WRM$_ACTIVE_PDBS
SYS,WRH$_PROCESS_WAITTIME
SYS,WRH$_AWR_TEST_1
SYS,WRH$_SESS_NETWORK
SYS,ODCI_SECOBJ$
SYS,ODCI_WARNINGS$
SYS,ODCI_PMO_ROWIDS$
SYS,XS$VALIDATION_TABLE
SYS,WRI$_OPTSTAT_SYNOPSIS$
SYS,WRI$_OPTSTAT_HISTHEAD_HISTORY
SYS,WRI$_OPTSTAT_HISTGRM_HISTORY
SYS,TTS_ERROR$
SYS,STREAMS$_APPLY_SPILL_MSGS_PART
SYS,STREAMS$_COMPONENT_IN
SYS,STREAMS$_COMPONENT_LINK_IN
SYS,STREAMS$_COMPONENT_PROP_IN
SYS,STREAMS$_COMPONENT_STAT_IN
SYS,STREAMS$_COMPONENT_EVENT_IN
SYS,STREAMS$_LOCAL_FINDINGS_IN
SYS,STREAMS$_LOCAL_RECS_IN
SYS,STREAMS$_LOCAL_ACTIONS_IN
SYS,STREAMS$_COMPONENT_STAT_OUT
SYS,STREAMS$_PATH_STAT_OUT
SYS,STREAMS$_PATH_BOTTLENECK_OUT
SYS,AQ$_SCHEDULER$_EVENT_QTAB_T
SYS,AQ$_SCHEDULER$_EVENT_QTAB_H
SYS,AQ$_SCHEDULER$_EVENT_QTAB_G
SYS,AQ$_SCHEDULER$_EVENT_QTAB_I
SYS,AQ$_SCHEDULER$_REMDB_JOBQTAB_T
SYS,AQ$_SCHEDULER$_REMDB_JOBQTAB_H
SYS,AQ$_SCHEDULER$_REMDB_JOBQTAB_G
SYS,AQ$_SCHEDULER$_REMDB_JOBQTAB_I
SYS,AQ$_SCHEDULER_FILEWATCHER_QT_T
SYS,AQ$_SCHEDULER_FILEWATCHER_QT_H
SYS,AQ$_SCHEDULER_FILEWATCHER_QT_G
SYS,AQ$_SCHEDULER_FILEWATCHER_QT_I
SYS,AQ$_ALERT_QT_T
SYS,AQ$_ALERT_QT_H
SYS,AQ$_ALERT_QT_G
SYS,AQ$_ALERT_QT_I
SYS,AQ$_ORA$PREPLUGIN_BACKUP_QTB_T
SYS,AQ$_ORA$PREPLUGIN_BACKUP_QTB_H
SYS,AQ$_ORA$PREPLUGIN_BACKUP_QTB_G
SYS,AQ$_ORA$PREPLUGIN_BACKUP_QTB_I
SYS,IMPDP_STATS
SYS,KU$_DATAPUMP_MASTER_12_2
SYS,KU$_DATAPUMP_MASTER_12_0
SYS,KU$_DATAPUMP_MASTER_11_2
SYS,KU$_DATAPUMP_MASTER_11_1_0_7
SYS,KU$_DATAPUMP_MASTER_11_1
SYS,KU$_DATAPUMP_MASTER_10_1
SYS,AQ$_AQ$_MEM_MC_T
SYS,AQ$_AQ$_MEM_MC_H
SYS,AQ$_AQ$_MEM_MC_G
SYS,AQ$_AQ$_MEM_MC_I
SYS,AQ$_AQ_PROP_TABLE_T
SYS,AQ$_AQ_PROP_TABLE_H
SYS,AQ$_AQ_PROP_TABLE_G
SYS,AQ$_AQ_PROP_TABLE_I
SYS,AQ$_SYS$SERVICE_METRICS_TAB_T
SYS,AQ$_SYS$SERVICE_METRICS_TAB_H
SYS,AQ$_SYS$SERVICE_METRICS_TAB_G
SYS,AQ$_SYS$SERVICE_METRICS_TAB_I
SYS,DBMS_STATS_ID_MAP_TAB
SYS,SPD_SCRATCH_TAB
SYS,DBMS_STATS_OBJ_LIST_TAB
SYS,AQ$_PDB_MON_EVENT_QTABLE$_T
SYS,AQ$_PDB_MON_EVENT_QTABLE$_H
SYS,AQ$_PDB_MON_EVENT_QTABLE$_G
SYS,AQ$_PDB_MON_EVENT_QTABLE$_I
SYS,WRI$_ADV_OBJSPACE_TREND_DATA
SYS,WRI$_ADV_OBJSPACE_CHROW_DATA
SYS,WRI$_ADV_SEGADV_SEGROW
SYS,WRI$_HEATMAP_TOPN_DEP1
SYS,WRI$_HEATMAP_TOPN_DEP2
SYS,WRI$_REPT_REPORTS
SYS,UTL_RECOMP_COMPILED
SYS,WRI$_REPT_COMPONENTS
SYS,ALL_UNIFIED_AUDIT_ACTIONS
SYS,WRI$_HEATMAP_TOP_TABLESPACES